{
	"credit": "Made with Blockbench",
	"parent": "block/block",
	"textures": {
		"1": "block/incence_lit",
		"particle": "block/incence_lit"
	},
	"elements": [
		{
			"from": [2, 0, 6],
			"to": [14, 1, 11],
			"faces": {
				"north": {"uv": [0, 0, 1, 12], "rotation": 270, "texture": "#1"},
				"east": {"uv": [0, 0, 5, 1], "rotation": 180, "texture": "#1"},
				"south": {"uv": [4, 0, 5, 12], "rotation": 90, "texture": "#1"},
				"west": {"uv": [0, 11, 5, 12], "texture": "#1"},
				"up": {"uv": [0, 0, 5, 12], "rotation": 90, "texture": "#1"},
				"down": {"uv": [0, 12, 5, 0], "rotation": 270, "texture": "#1"}
			}
		},
		{
			"from": [3, 1, 8],
			"to": [4, 8, 9],
			"rotation": {"angle": -45, "axis": "z", "origin": [3.5, 1.5, 8.5]},
			"faces": {
				"north": {"uv": [13, 1, 14, 8], "texture": "#1"},
				"east": {"uv": [14, 3, 15, 10], "texture": "#1"},
				"south": {"uv": [13, 3, 14, 10], "texture": "#1"},
				"west": {"uv": [14, 1, 15, 8], "texture": "#1"},
				"up": {"uv": [13, 1, 14, 2], "texture": "#1"},
				"down": {"uv": [13, 9, 14, 10], "texture": "#1"}
			}
		}
	]
}